{
  "train": [
    40.85724500020345,
    39.889823233864526,
    39.1291527892604,
    38.23818843263568,
    37.48416684815378,
    36.778840528545956,
    36.15946551005045,
    35.771721465370874,
    35.08821352871981,
    34.22243840304288,
    33.741956406795616
  ],
  "val": [
    39.50065558540578,
    40.914166897535324,
    40.98609438234446,
    39.846330545386486,
    45.67686436979138,
    42.96022230630018,
    42.20716344519537,
    44.401861084967244,
    42.34367817092915,
    43.33525297471455,
    45.892415459058725
  ]
}