{
  "train": [
    10.776312591583748,
    9.86554357676002,
    9.131957257666238,
    8.399175587708388,
    7.7960436208461354,
    7.234346380078696
  ],
  "val": [
    11.108116125656387,
    11.352147716586872,
    12.665087388733687,
    12.455188151133262,
    12.91341902239848,
    14.712437674150628
  ]
}